child,school,isBilingual,year,PVT
John,School 1,0,8,10
John,School 1,0,9,14
John,School 1,0,10,25
John,School 1,0,11,27
John,School 1,0,12,23
Ray,School 1,0,8,21
Ray,School 1,0,9,31
Ray,School 1,0,10,35
Ray,School 1,0,11,38
Ray,School 1,0,12,40
Abdul Jaleel,School 1,0,8,26
Abdul Jaleel,School 1,0,9,37
Abdul Jaleel,School 1,0,10,32
Abdul Jaleel,School 1,0,11,39
Abdul Jaleel,School 1,0,12,36
Joseph,School 1,0,8,27
Joseph,School 1,0,9,31
Joseph,School 1,0,10,36
Joseph,School 1,0,11,37
Joseph,School 1,0,12,49
Kayla,School 1,0,8,24
Kayla,School 1,0,9,30
Kayla,School 1,0,10,31
Kayla,School 1,0,11,38
Kayla,School 1,0,12,43
Kiauva,School 1,0,8,25
Kiauva,School 1,0,9,33
Kiauva,School 1,0,10,35
Kiauva,School 1,0,11,31
Kiauva,School 1,0,12,34
Melissa,School 1,0,8,28
Melissa,School 1,0,9,31
Melissa,School 1,0,10,34
Melissa,School 1,0,11,31
Melissa,School 1,0,12,38
John,School 1,0,8,26
John,School 1,0,9,27
John,School 1,0,10,31
John,School 1,0,11,32
John,School 1,0,12,33
Husaam,School 1,0,8,29
Husaam,School 1,0,9,38
Husaam,School 1,0,10,36
Husaam,School 1,0,11,42
Husaam,School 1,0,12,43
Crystal,School 1,0,8,18
Crystal,School 1,0,9,24
Crystal,School 1,0,10,29
Crystal,School 1,0,11,30
Crystal,School 1,0,12,34
Dane,School 2,0,8,11
Dane,School 2,0,9,17
Dane,School 2,0,10,19
Dane,School 2,0,11,25
Dane,School 2,0,12,21
Gilberto,School 2,0,8,18
Gilberto,School 2,0,9,24
Gilberto,School 2,0,10,28
Gilberto,School 2,0,11,28
Gilberto,School 2,0,12,34
Osue,School 2,0,8,46
Osue,School 2,0,9,43
Osue,School 2,0,10,42
Osue,School 2,0,11,42
Osue,School 2,0,12,41
Isaiah,School 2,0,8,19
Isaiah,School 2,0,9,24
Isaiah,School 2,0,10,21
Isaiah,School 2,0,11,27
Isaiah,School 2,0,12,25
Brent,School 2,0,8,19
Brent,School 2,0,9,25
Brent,School 2,0,10,24
Brent,School 2,0,11,26
Brent,School 2,0,12,26
Kelsey,School 2,0,8,28
Kelsey,School 2,0,9,29
Kelsey,School 2,0,10,37
Kelsey,School 2,0,11,37
Kelsey,School 2,0,12,34
Nathanael,School 2,0,8,24
Nathanael,School 2,0,9,25
Nathanael,School 2,0,10,27
Nathanael,School 2,0,11,35
Nathanael,School 2,0,12,32
Sierra,School 2,0,8,19
Sierra,School 2,0,9,19
Sierra,School 2,0,10,26
Sierra,School 2,0,11,26
Sierra,School 2,0,12,28
Pablo,School 2,0,8,19
Pablo,School 2,0,9,23
Pablo,School 2,0,10,22
Pablo,School 2,0,11,27
Pablo,School 2,0,12,28
Kelsey,School 2,0,8,23
Kelsey,School 2,0,9,23
Kelsey,School 2,0,10,24
Kelsey,School 2,0,11,24
Kelsey,School 2,0,12,20
Cody,School 2,0,8,31
Cody,School 2,0,9,31
Cody,School 2,0,10,34
Cody,School 2,0,11,34
Cody,School 2,0,12,29
Yoo,School 2,0,8,22
Yoo,School 2,0,9,20
Yoo,School 2,0,10,26
Yoo,School 2,0,11,30
Yoo,School 2,0,12,27
Tien,School 2,0,8,29
Tien,School 2,0,9,36
Tien,School 2,0,10,41
Tien,School 2,0,11,43
Tien,School 2,0,12,37
Clayton,School 3,0,8,25
Clayton,School 3,0,9,28
Clayton,School 3,0,10,24
Clayton,School 3,0,11,28
Clayton,School 3,0,12,29
Joe,School 3,0,8,30
Joe,School 3,0,9,33
Joe,School 3,0,10,39
Joe,School 3,0,11,30
Joe,School 3,0,12,38
Misbaah,School 3,0,8,14
Misbaah,School 3,0,9,18
Misbaah,School 3,0,10,21
Misbaah,School 3,0,11,22
Misbaah,School 3,0,12,31
Razeen,School 3,0,8,31
Razeen,School 3,0,9,21
Razeen,School 3,0,10,39
Razeen,School 3,0,11,47
Razeen,School 3,0,12,41
Carlos,School 3,0,8,23
Carlos,School 3,0,9,33
Carlos,School 3,0,10,26
Carlos,School 3,0,11,38
Carlos,School 3,0,12,34
Cuauhtemoc,School 3,0,8,16
Cuauhtemoc,School 3,0,9,34
Cuauhtemoc,School 3,0,10,34
Cuauhtemoc,School 3,0,11,27
Cuauhtemoc,School 3,0,12,30
Linda,School 3,0,8,30
Linda,School 3,0,9,32
Linda,School 3,0,10,41
Linda,School 3,0,11,39
Linda,School 3,0,12,33
Ashleigh,School 3,0,8,33
Ashleigh,School 3,0,9,24
Ashleigh,School 3,0,10,42
Ashleigh,School 3,0,11,35
Ashleigh,School 3,0,12,43
Haitham,School 3,0,8,21
Haitham,School 3,0,9,38
Haitham,School 3,0,10,42
Haitham,School 3,0,11,39
Haitham,School 3,0,12,48
John,School 3,0,8,25
John,School 3,0,9,42
John,School 3,0,10,41
John,School 3,0,11,38
John,School 3,0,12,43
Xengsu,School 3,0,8,25
Xengsu,School 3,0,9,41
Xengsu,School 3,0,10,37
Xengsu,School 3,0,11,40
Xengsu,School 3,0,12,33
Stephani,School 4,0,8,26
Stephani,School 4,0,9,17
Stephani,School 4,0,10,27
Stephani,School 4,0,11,24
Stephani,School 4,0,12,28
Geoffrey,School 4,0,8,24
Geoffrey,School 4,0,9,19
Geoffrey,School 4,0,10,22
Geoffrey,School 4,0,11,9
Geoffrey,School 4,0,12,27
Evan,School 4,0,8,29
Evan,School 4,0,9,30
Evan,School 4,0,10,18
Evan,School 4,0,11,18
Evan,School 4,0,12,26
Rahma,School 4,0,8,6
Rahma,School 4,0,9,6
Rahma,School 4,0,10,13
Rahma,School 4,0,11,22
Rahma,School 4,0,12,12
Angelita,School 4,0,8,28
Angelita,School 4,0,9,25
Angelita,School 4,0,10,25
Angelita,School 4,0,11,17
Angelita,School 4,0,12,19
Kaitlyn,School 4,0,8,6
Kaitlyn,School 4,0,9,8
Kaitlyn,School 4,0,10,21
Kaitlyn,School 4,0,11,13
Kaitlyn,School 4,0,12,21
Alanah,School 4,0,8,3
Alanah,School 4,0,9,21
Alanah,School 4,0,10,22
Alanah,School 4,0,11,25
Alanah,School 4,0,12,26
Hudgy,School 4,0,8,16
Hudgy,School 4,0,9,14
Hudgy,School 4,0,10,30
Hudgy,School 4,0,11,11
Hudgy,School 4,0,12,21
Joshua,School 4,0,8,44
Joshua,School 4,0,9,12
Joshua,School 4,0,10,24
Joshua,School 4,0,11,21
Joshua,School 4,0,12,21
Marzooqa,School 4,0,8,29
Marzooqa,School 4,0,9,15
Marzooqa,School 4,0,10,32
Marzooqa,School 4,0,11,34
Marzooqa,School 4,0,12,17
Hye In,School 4,0,8,11
Hye In,School 4,0,9,22
Hye In,School 4,0,10,28
Hye In,School 4,0,11,19
Hye In,School 4,0,12,11
Justin,School 4,0,8,37
Justin,School 4,0,9,33
Justin,School 4,0,10,30
Justin,School 4,0,11,31
Justin,School 4,0,12,29
Nizhoni,School 4,0,8,16
Nizhoni,School 4,0,9,5
Nizhoni,School 4,0,10,7
Nizhoni,School 4,0,11,13
Nizhoni,School 4,0,12,20
Keiley,School 4,0,8,12
Keiley,School 4,0,9,17
Keiley,School 4,0,10,25
Keiley,School 4,0,11,26
Keiley,School 4,0,12,19
Zachary,School 4,0,8,23
Zachary,School 4,0,9,21
Zachary,School 4,0,10,21
Zachary,School 4,0,11,30
Zachary,School 4,0,12,15
Aslam,School 4,0,8,22
Aslam,School 4,0,9,17
Aslam,School 4,0,10,8
Aslam,School 4,0,11,31
Aslam,School 4,0,12,26
Emma,School 4,0,8,16
Emma,School 4,0,9,31
Emma,School 4,0,10,16
Emma,School 4,0,11,30
Emma,School 4,0,12,17
Julianna,School 4,0,8,27
Julianna,School 4,0,9,24
Julianna,School 4,0,10,21
Julianna,School 4,0,11,24
Julianna,School 4,0,12,26
Edith,School 4,0,8,13
Edith,School 4,0,9,34
Edith,School 4,0,10,22
Edith,School 4,0,11,24
Edith,School 4,0,12,16
Laten,School 4,0,8,20
Laten,School 4,0,9,30
Laten,School 4,0,10,30
Laten,School 4,0,11,37
Laten,School 4,0,12,13
Kristina,School 4,0,8,24
Kristina,School 4,0,9,29
Kristina,School 4,0,10,28
Kristina,School 4,0,11,29
Kristina,School 4,0,12,32
Yuko,School 4,0,8,14
Yuko,School 4,0,9,22
Yuko,School 4,0,10,21
Yuko,School 4,0,11,32
Yuko,School 4,0,12,24
Byron,School 4,0,8,12
Byron,School 4,0,9,15
Byron,School 4,0,10,22
Byron,School 4,0,11,30
Byron,School 4,0,12,28
Ivin,School 4,0,8,14
Ivin,School 4,0,9,27
Ivin,School 4,0,10,26
Ivin,School 4,0,11,23
Ivin,School 4,0,12,27
Katie,School 4,0,8,27
Katie,School 4,0,9,19
Katie,School 4,0,10,29
Katie,School 4,0,11,29
Katie,School 4,0,12,36
Andejia,School 4,0,8,27
Andejia,School 4,0,9,27
Andejia,School 4,0,10,21
Andejia,School 4,0,11,29
Andejia,School 4,0,12,20
Bakar,School 4,0,8,37
Bakar,School 4,0,9,17
Bakar,School 4,0,10,38
Bakar,School 4,0,11,17
Bakar,School 4,0,12,28
Kimberly,School 4,0,8,24
Kimberly,School 4,0,9,18
Kimberly,School 4,0,10,27
Kimberly,School 4,0,11,27
Kimberly,School 4,0,12,31
Naseema,School 4,0,8,30
Naseema,School 4,0,9,16
Naseema,School 4,0,10,22
Naseema,School 4,0,11,20
Naseema,School 4,0,12,31
Ruwaid,School 4,0,8,13
Ruwaid,School 4,0,9,0
Ruwaid,School 4,0,10,19
Ruwaid,School 4,0,11,31
Ruwaid,School 4,0,12,22
Marissa,School 5,0,8,39
Marissa,School 5,0,9,31
Marissa,School 5,0,10,49
Marissa,School 5,0,11,36
Marissa,School 5,0,12,42
Brenda,School 5,0,8,32
Brenda,School 5,0,9,33
Brenda,School 5,0,10,34
Brenda,School 5,0,11,38
Brenda,School 5,0,12,38
Hamda,School 5,0,8,32
Hamda,School 5,0,9,35
Hamda,School 5,0,10,45
Hamda,School 5,0,11,43
Hamda,School 5,0,12,48
Angelito,School 5,0,8,32
Angelito,School 5,0,9,30
Angelito,School 5,0,10,45
Angelito,School 5,0,11,37
Angelito,School 5,0,12,40
Ashley,School 5,0,8,33
Ashley,School 5,0,9,30
Ashley,School 5,0,10,42
Ashley,School 5,0,11,38
Ashley,School 5,0,12,38
Jumail,School 5,0,8,22
Jumail,School 5,0,9,35
Jumail,School 5,0,10,32
Jumail,School 5,0,11,30
Jumail,School 5,0,12,35
Angelica,School 5,0,8,39
Angelica,School 5,0,9,39
Angelica,School 5,0,10,45
Angelica,School 5,0,11,43
Angelica,School 5,0,12,42
Mubeena,School 5,0,8,36
Mubeena,School 5,0,9,40
Mubeena,School 5,0,10,42
Mubeena,School 5,0,11,43
Mubeena,School 5,0,12,42
Nathen,School 5,0,8,36
Nathen,School 5,0,9,40
Nathen,School 5,0,10,45
Nathen,School 5,0,11,43
Nathen,School 5,0,12,42
NA,School 5,0,8,29
NA,School 5,0,9,35
NA,School 5,0,10,38
NA,School 5,0,11,35
NA,School 5,0,12,42
NA,School 5,0,8,34
NA,School 5,0,9,41
NA,School 5,0,10,37
NA,School 5,0,11,38
NA,School 5,0,12,42
NA,School 5,0,8,29
NA,School 5,0,9,34
NA,School 5,0,10,36
NA,School 5,0,11,36
NA,School 5,0,12,37
NA,School 5,0,8,35
NA,School 5,0,9,38
NA,School 5,0,10,46
NA,School 5,0,11,46
NA,School 5,0,12,42
NA,School 5,0,8,24
NA,School 5,0,9,22
NA,School 5,0,10,30
NA,School 5,0,11,39
NA,School 5,0,12,30
NA,School 5,0,8,27
NA,School 5,0,9,36
NA,School 5,0,10,38
NA,School 5,0,11,35
NA,School 5,0,12,46
NA,School 5,0,8,31
NA,School 5,0,9,37
NA,School 5,0,10,39
NA,School 5,0,11,43
NA,School 5,0,12,37
NA,School 5,0,8,31
NA,School 5,0,9,34
NA,School 5,0,10,38
NA,School 5,0,11,39
NA,School 5,0,12,32
NA,School 5,0,8,33
NA,School 5,0,9,30
NA,School 5,0,10,41
NA,School 5,0,11,45
NA,School 5,0,12,35
Savannah,School 6,0,8,14
Savannah,School 6,0,9,15
Savannah,School 6,0,10,19
Savannah,School 6,0,11,25
Savannah,School 6,0,12,30
Carl,School 6,0,8,22
Carl,School 6,0,9,26
Carl,School 6,0,10,30
Carl,School 6,0,11,31
Carl,School 6,0,12,35
Akhir Malik,School 6,0,8,22
Akhir Malik,School 6,0,9,23
Akhir Malik,School 6,0,10,19
Akhir Malik,School 6,0,11,28
Akhir Malik,School 6,0,12,26
Juan,School 6,0,8,15
Juan,School 6,0,9,23
Juan,School 6,0,10,31
Juan,School 6,0,11,33
Juan,School 6,0,12,29
Zachary,School 6,0,8,9
Zachary,School 6,0,9,17
Zachary,School 6,0,10,15
Zachary,School 6,0,11,22
Zachary,School 6,0,12,26
Ashley,School 6,0,8,15
Ashley,School 6,0,9,27
Ashley,School 6,0,10,20
Ashley,School 6,0,11,32
Ashley,School 6,0,12,35
Sabeeka,School 6,0,8,28
Sabeeka,School 6,0,9,24
Sabeeka,School 6,0,10,30
Sabeeka,School 6,0,11,25
Sabeeka,School 6,0,12,18
Rikki,School 6,0,8,20
Rikki,School 6,0,9,21
Rikki,School 6,0,10,36
Rikki,School 6,0,11,28
Rikki,School 6,0,12,40
Saabir,School 7,0,8,21
Saabir,School 7,0,9,27
Saabir,School 7,0,10,29
Saabir,School 7,0,11,25
Saabir,School 7,0,12,34
Emily,School 7,0,8,8
Emily,School 7,0,9,25
Emily,School 7,0,10,20
Emily,School 7,0,11,26
Emily,School 7,0,12,30
Jaysun,School 7,0,8,20
Jaysun,School 7,0,9,16
Jaysun,School 7,0,10,27
Jaysun,School 7,0,11,28
Jaysun,School 7,0,12,20
David,School 7,0,8,27
David,School 7,0,9,22
David,School 7,0,10,25
David,School 7,0,11,30
David,School 7,0,12,35
Trevon,School 7,0,8,1
Trevon,School 7,0,9,7
Trevon,School 7,0,10,18
Trevon,School 7,0,11,10
Trevon,School 7,0,12,14
Tachelle,School 7,0,8,25
Tachelle,School 7,0,9,32
Tachelle,School 7,0,10,29
Tachelle,School 7,0,11,28
Tachelle,School 7,0,12,39
Brittany,School 7,0,8,26
Brittany,School 7,0,9,25
Brittany,School 7,0,10,26
Brittany,School 7,0,11,21
Brittany,School 7,0,12,24
Styles,School 7,0,8,33
Styles,School 7,0,9,37
Styles,School 7,0,10,37
Styles,School 7,0,11,34
Styles,School 7,0,12,41
Kevin,School 7,0,8,27
Kevin,School 7,0,9,30
Kevin,School 7,0,10,31
Kevin,School 7,0,11,21
Kevin,School 7,0,12,29
NA,School 7,0,8,28
NA,School 7,0,9,26
NA,School 7,0,10,35
NA,School 7,0,11,24
NA,School 7,0,12,29
NA,School 7,0,8,39
NA,School 7,0,9,35
NA,School 7,0,10,42
NA,School 7,0,11,48
NA,School 7,0,12,34
NA,School 7,0,8,24
NA,School 7,0,9,35
NA,School 7,0,10,29
NA,School 7,0,11,39
NA,School 7,0,12,37
NA,School 7,0,8,17
NA,School 7,0,9,22
NA,School 7,0,10,18
NA,School 7,0,11,22
NA,School 7,0,12,18
NA,School 7,0,8,10
NA,School 7,0,9,15
NA,School 7,0,10,20
NA,School 7,0,11,18
NA,School 7,0,12,23
NA,School 7,0,8,24
NA,School 7,0,9,35
NA,School 7,0,10,44
NA,School 7,0,11,28
NA,School 7,0,12,48
NA,School 7,0,8,14
NA,School 7,0,9,12
NA,School 7,0,10,11
NA,School 7,0,11,9
NA,School 7,0,12,12
NA,School 7,0,8,23
NA,School 7,0,9,31
NA,School 7,0,10,32
NA,School 7,0,11,38
NA,School 7,0,12,41
NA,School 7,0,8,28
NA,School 7,0,9,24
NA,School 7,0,10,30
NA,School 7,0,11,29
NA,School 7,0,12,34
NA,School 7,0,8,24
NA,School 7,0,9,14
NA,School 7,0,10,30
NA,School 7,0,11,32
NA,School 7,0,12,34
NA,School 7,0,8,3
NA,School 7,0,9,11
NA,School 7,0,10,12
NA,School 7,0,11,14
NA,School 7,0,12,24
NA,School 7,0,8,21
NA,School 7,0,9,33
NA,School 7,0,10,29
NA,School 7,0,11,32
NA,School 7,0,12,33
NA,School 7,0,8,20
NA,School 7,0,9,22
NA,School 7,0,10,22
NA,School 7,0,11,27
NA,School 7,0,12,23
NA,School 7,0,8,38
NA,School 7,0,9,30
NA,School 7,0,10,43
NA,School 7,0,11,42
NA,School 7,0,12,35
NA,School 7,0,8,28
NA,School 7,0,9,28
NA,School 7,0,10,32
NA,School 7,0,11,28
NA,School 7,0,12,37
NA,School 7,0,8,36
NA,School 7,0,9,36
NA,School 7,0,10,43
NA,School 7,0,11,47
NA,School 7,0,12,48
NA,School 7,0,8,37
NA,School 7,0,9,35
NA,School 7,0,10,36
NA,School 7,0,11,30
NA,School 7,0,12,36
NA,School 7,0,8,26
NA,School 7,0,9,31
NA,School 7,0,10,31
NA,School 7,0,11,28
NA,School 7,0,12,22
Joshua,School 8,0,8,17
Joshua,School 8,0,9,29
Joshua,School 8,0,10,25
Joshua,School 8,0,11,20
Joshua,School 8,0,12,27
Chelsea,School 8,0,8,25
Chelsea,School 8,0,9,20
Chelsea,School 8,0,10,28
Chelsea,School 8,0,11,38
Chelsea,School 8,0,12,20
Muaaid,School 8,0,8,28
Muaaid,School 8,0,9,35
Muaaid,School 8,0,10,39
Muaaid,School 8,0,11,40
Muaaid,School 8,0,12,49
Brandon,School 8,0,8,22
Brandon,School 8,0,9,27
Brandon,School 8,0,10,22
Brandon,School 8,0,11,27
Brandon,School 8,0,12,19
Alix,School 8,0,8,32
Alix,School 8,0,9,25
Alix,School 8,0,10,30
Alix,School 8,0,11,33
Alix,School 8,0,12,32
Fernando,School 8,0,8,21
Fernando,School 8,0,9,20
Fernando,School 8,0,10,25
Fernando,School 8,0,11,28
Fernando,School 8,0,12,25
Tyler,School 8,0,8,27
Tyler,School 8,0,9,29
Tyler,School 8,0,10,33
Tyler,School 8,0,11,34
Tyler,School 8,0,12,20
Trevor,School 8,0,8,13
Trevor,School 8,0,9,26
Trevor,School 8,0,10,29
Trevor,School 8,0,11,49
Trevor,School 8,0,12,36
Samantha,School 8,0,8,20
Samantha,School 8,0,9,17
Samantha,School 8,0,10,19
Samantha,School 8,0,11,23
Samantha,School 8,0,12,32
NA,School 8,0,8,10
NA,School 8,0,9,9
NA,School 8,0,10,14
NA,School 8,0,11,11
NA,School 8,0,12,11
NA,School 8,0,8,18
NA,School 8,0,9,16
NA,School 8,0,10,19
NA,School 8,0,11,15
NA,School 8,0,12,33
NA,School 8,0,8,16
NA,School 8,0,9,16
NA,School 8,0,10,16
NA,School 8,0,11,22
NA,School 8,0,12,13
NA,School 8,0,8,28
NA,School 8,0,9,23
NA,School 8,0,10,26
NA,School 8,0,11,20
NA,School 8,0,12,32
NA,School 8,0,8,15
NA,School 8,0,9,14
NA,School 8,0,10,26
NA,School 8,0,11,22
NA,School 8,0,12,23
NA,School 8,0,8,28
NA,School 8,0,9,27
NA,School 8,0,10,45
NA,School 8,0,11,34
NA,School 8,0,12,31
NA,School 8,0,8,16
NA,School 8,0,9,21
NA,School 8,0,10,30
NA,School 8,0,11,25
NA,School 8,0,12,27
NA,School 8,0,8,22
NA,School 8,0,9,19
NA,School 8,0,10,30
NA,School 8,0,11,31
NA,School 8,0,12,22
NA,School 8,0,8,18
NA,School 8,0,9,27
NA,School 8,0,10,27
NA,School 8,0,11,23
NA,School 8,0,12,34
NA,School 8,0,8,32
NA,School 8,0,9,20
NA,School 8,0,10,29
NA,School 8,0,11,24
NA,School 8,0,12,33
NA,School 8,0,8,47
NA,School 8,0,9,39
NA,School 8,0,10,41
NA,School 8,0,11,44
NA,School 8,0,12,46
NA,School 8,0,8,17
NA,School 8,0,9,19
NA,School 8,0,10,25
NA,School 8,0,11,32
NA,School 8,0,12,34
NA,School 8,0,8,23
NA,School 8,0,9,38
NA,School 8,0,10,31
NA,School 8,0,11,37
NA,School 8,0,12,37
NA,School 8,0,8,17
NA,School 8,0,9,22
NA,School 8,0,10,26
NA,School 8,0,11,16
NA,School 8,0,12,29
Tyler,School 9,0,8,20
Tyler,School 9,0,9,34
Tyler,School 9,0,10,36
Tyler,School 9,0,11,33
Tyler,School 9,0,12,40
Lily'Okalani,School 9,0,8,26
Lily'Okalani,School 9,0,9,41
Lily'Okalani,School 9,0,10,48
Lily'Okalani,School 9,0,11,48
Lily'Okalani,School 9,0,12,51
Michael,School 9,0,8,24
Michael,School 9,0,9,36
Michael,School 9,0,10,25
Michael,School 9,0,11,36
Michael,School 9,0,12,32
Waleeda,School 9,0,8,24
Waleeda,School 9,0,9,40
Waleeda,School 9,0,10,37
Waleeda,School 9,0,11,57
Waleeda,School 9,0,12,41
Dulguun,School 9,0,8,24
Dulguun,School 9,0,9,38
Dulguun,School 9,0,10,40
Dulguun,School 9,0,11,33
Dulguun,School 9,0,12,42
Amber,School 9,0,8,25
Amber,School 9,0,9,32
Amber,School 9,0,10,36
Amber,School 9,0,11,38
Amber,School 9,0,12,26
Shawnia,School 9,0,8,33
Shawnia,School 9,0,9,29
Shawnia,School 9,0,10,47
Shawnia,School 9,0,11,42
Shawnia,School 9,0,12,45
Aqeel,School 9,0,8,26
Aqeel,School 9,0,9,33
Aqeel,School 9,0,10,43
Aqeel,School 9,0,11,40
Aqeel,School 9,0,12,39
Nicole,School 9,0,8,35
Nicole,School 9,0,9,41
Nicole,School 9,0,10,53
Nicole,School 9,0,11,36
Nicole,School 9,0,12,37
NA,School 9,0,8,28
NA,School 9,0,9,26
NA,School 9,0,10,35
NA,School 9,0,11,43
NA,School 9,0,12,47
NA,School 9,0,8,16
NA,School 9,0,9,29
NA,School 9,0,10,31
NA,School 9,0,11,40
NA,School 9,0,12,32
NA,School 9,0,8,29
NA,School 9,0,9,34
NA,School 9,0,10,39
NA,School 9,0,11,26
NA,School 9,0,12,48
NA,School 9,0,8,20
NA,School 9,0,9,38
NA,School 9,0,10,38
NA,School 9,0,11,34
NA,School 9,0,12,40
NA,School 9,0,8,29
NA,School 9,0,9,43
NA,School 9,0,10,39
NA,School 9,0,11,29
NA,School 9,0,12,46
NA,School 9,0,8,36
NA,School 9,0,9,36
NA,School 9,0,10,37
NA,School 9,0,11,43
NA,School 9,0,12,35
NA,School 9,0,8,24
NA,School 9,0,9,28
NA,School 9,0,10,36
NA,School 9,0,11,44
NA,School 9,0,12,38
NA,School 9,0,8,32
NA,School 9,0,9,29
NA,School 9,0,10,44
NA,School 9,0,11,44
NA,School 9,0,12,36
Cale,School 10,0,8,24
Cale,School 10,0,9,22
Cale,School 10,0,10,26
Cale,School 10,0,11,29
Cale,School 10,0,12,39
Oscar,School 10,0,8,34
Oscar,School 10,0,9,41
Oscar,School 10,0,10,36
Oscar,School 10,0,11,42
Oscar,School 10,0,12,35
Dante,School 10,0,8,23
Dante,School 10,0,9,14
Dante,School 10,0,10,44
Dante,School 10,0,11,45
Dante,School 10,0,12,40
Darian,School 10,0,8,27
Darian,School 10,0,9,34
Darian,School 10,0,10,38
Darian,School 10,0,11,17
Darian,School 10,0,12,49
Demetrius,School 10,0,8,17
Demetrius,School 10,0,9,21
Demetrius,School 10,0,10,20
Demetrius,School 10,0,11,39
Demetrius,School 10,0,12,40
Davy,School 10,0,8,32
Davy,School 10,0,9,23
Davy,School 10,0,10,36
Davy,School 10,0,11,36
Davy,School 10,0,12,42
Shirlya,School 10,0,8,32
Shirlya,School 10,0,9,19
Shirlya,School 10,0,10,29
Shirlya,School 10,0,11,40
Shirlya,School 10,0,12,47
Kanaan,School 10,0,8,27
Kanaan,School 10,0,9,12
Kanaan,School 10,0,10,36
Kanaan,School 10,0,11,25
Kanaan,School 10,0,12,39
Austin,School 10,0,8,29
Austin,School 10,0,9,34
Austin,School 10,0,10,45
Austin,School 10,0,11,42
Austin,School 10,0,12,41
NA,School 10,0,8,32
NA,School 10,0,9,30
NA,School 10,0,10,22
NA,School 10,0,11,33
NA,School 10,0,12,29
NA,School 10,0,8,24
NA,School 10,0,9,43
NA,School 10,0,10,23
NA,School 10,0,11,28
NA,School 10,0,12,39
Rafeeda,School 11,0,8,37
Rafeeda,School 11,0,9,30
Rafeeda,School 11,0,10,36
Rafeeda,School 11,0,11,38
Rafeeda,School 11,0,12,40
Abbaad,School 11,0,8,31
Abbaad,School 11,0,9,35
Abbaad,School 11,0,10,35
Abbaad,School 11,0,11,36
Abbaad,School 11,0,12,32
Kacie,School 11,0,8,18
Kacie,School 11,0,9,27
Kacie,School 11,0,10,29
Kacie,School 11,0,11,32
Kacie,School 11,0,12,28
Diamond,School 11,0,8,25
Diamond,School 11,0,9,32
Diamond,School 11,0,10,38
Diamond,School 11,0,11,32
Diamond,School 11,0,12,31
Reyna,School 11,0,8,36
Reyna,School 11,0,9,35
Reyna,School 11,0,10,37
Reyna,School 11,0,11,39
Reyna,School 11,0,12,41
Keleshia,School 11,0,8,29
Keleshia,School 11,0,9,35
Keleshia,School 11,0,10,35
Keleshia,School 11,0,11,36
Keleshia,School 11,0,12,42
Naqaa,School 11,0,8,20
Naqaa,School 11,0,9,25
Naqaa,School 11,0,10,33
Naqaa,School 11,0,11,27
Naqaa,School 11,0,12,25
Badri,School 11,0,8,30
Badri,School 11,0,9,29
Badri,School 11,0,10,39
Badri,School 11,0,11,43
Badri,School 11,0,12,37
Timothy,School 11,0,8,28
Timothy,School 11,0,9,38
Timothy,School 11,0,10,33
Timothy,School 11,0,11,35
Timothy,School 11,0,12,34
NA,School 11,0,8,1
NA,School 11,0,9,14
NA,School 11,0,10,15
NA,School 11,0,11,13
NA,School 11,0,12,13
NA,School 11,0,8,28
NA,School 11,0,9,30
NA,School 11,0,10,30
NA,School 11,0,11,36
NA,School 11,0,12,29
NA,School 11,0,8,26
NA,School 11,0,9,26
NA,School 11,0,10,27
NA,School 11,0,11,33
NA,School 11,0,12,30
NA,School 11,0,8,32
NA,School 11,0,9,34
NA,School 11,0,10,35
NA,School 11,0,11,39
NA,School 11,0,12,40
NA,School 11,0,8,42
NA,School 11,0,9,47
NA,School 11,0,10,50
NA,School 11,0,11,49
NA,School 11,0,12,57
NA,School 11,0,8,17
NA,School 11,0,9,23
NA,School 11,0,10,26
NA,School 11,0,11,26
NA,School 11,0,12,25
Cutter,School 12,0,8,30
Cutter,School 12,0,9,23
Cutter,School 12,0,10,43
Cutter,School 12,0,11,36
Cutter,School 12,0,12,25
Aadila,School 12,0,8,26
Aadila,School 12,0,9,30
Aadila,School 12,0,10,31
Aadila,School 12,0,11,33
Aadila,School 12,0,12,23
Regan,School 12,0,8,35
Regan,School 12,0,9,40
Regan,School 12,0,10,41
Regan,School 12,0,11,39
Regan,School 12,0,12,42
Carly,School 12,0,8,30
Carly,School 12,0,9,31
Carly,School 12,0,10,40
Carly,School 12,0,11,44
Carly,School 12,0,12,35
Michael,School 12,0,8,14
Michael,School 12,0,9,21
Michael,School 12,0,10,12
Michael,School 12,0,11,18
Michael,School 12,0,12,24
Ian,School 12,0,8,29
Ian,School 12,0,9,28
Ian,School 12,0,10,40
Ian,School 12,0,11,33
Ian,School 12,0,12,40
Emmanuel,School 12,0,8,18
Emmanuel,School 12,0,9,24
Emmanuel,School 12,0,10,25
Emmanuel,School 12,0,11,20
Emmanuel,School 12,0,12,30
Dalia,School 12,0,8,29
Dalia,School 12,0,9,39
Dalia,School 12,0,10,35
Dalia,School 12,0,11,36
Dalia,School 12,0,12,36
Jantzen,School 12,0,8,21
Jantzen,School 12,0,9,18
Jantzen,School 12,0,10,24
Jantzen,School 12,0,11,29
Jantzen,School 12,0,12,27
NA,School 12,0,8,32
NA,School 12,0,9,24
NA,School 12,0,10,23
NA,School 12,0,11,23
NA,School 12,0,12,26
NA,School 12,0,8,18
NA,School 12,0,9,4
NA,School 12,0,10,23
NA,School 12,0,11,15
NA,School 12,0,12,20
NA,School 12,0,8,14
NA,School 12,0,9,8
NA,School 12,0,10,19
NA,School 12,0,11,16
NA,School 12,0,12,13
NA,School 12,0,8,35
NA,School 12,0,9,28
NA,School 12,0,10,35
NA,School 12,0,11,44
NA,School 12,0,12,45
NA,School 12,0,8,8
NA,School 12,0,9,14
NA,School 12,0,10,15
NA,School 12,0,11,34
NA,School 12,0,12,19
Justine,School 13,0,8,31
Justine,School 13,0,9,34
Justine,School 13,0,10,46
Justine,School 13,0,11,43
Justine,School 13,0,12,36
Suhaila,School 13,0,8,27
Suhaila,School 13,0,9,30
Suhaila,School 13,0,10,34
Suhaila,School 13,0,11,28
Suhaila,School 13,0,12,36
Christina,School 13,0,8,28
Christina,School 13,0,9,29
Christina,School 13,0,10,28
Christina,School 13,0,11,32
Christina,School 13,0,12,32
Leigha,School 13,0,8,27
Leigha,School 13,0,9,28
Leigha,School 13,0,10,34
Leigha,School 13,0,11,31
Leigha,School 13,0,12,33
Mubeena,School 13,0,8,23
Mubeena,School 13,0,9,36
Mubeena,School 13,0,10,37
Mubeena,School 13,0,11,43
Mubeena,School 13,0,12,39
Reid,School 13,0,8,25
Reid,School 13,0,9,41
Reid,School 13,0,10,28
Reid,School 13,0,11,34
Reid,School 13,0,12,34
Daniel,School 13,0,8,22
Daniel,School 13,0,9,26
Daniel,School 13,0,10,32
Daniel,School 13,0,11,35
Daniel,School 13,0,12,34
Casey,School 13,0,8,24
Casey,School 13,0,9,25
Casey,School 13,0,10,35
Casey,School 13,0,11,34
Casey,School 13,0,12,36
Nicholas,School 14,0,8,32
Nicholas,School 14,0,9,36
Nicholas,School 14,0,10,34
Nicholas,School 14,0,11,33
Nicholas,School 14,0,12,32
Merissa,School 14,0,8,21
Merissa,School 14,0,9,21
Merissa,School 14,0,10,36
Merissa,School 14,0,11,43
Merissa,School 14,0,12,37
Kyle,School 14,0,8,30
Kyle,School 14,0,9,31
Kyle,School 14,0,10,20
Kyle,School 14,0,11,28
Kyle,School 14,0,12,31
Mayra,School 14,0,8,16
Mayra,School 14,0,9,36
Mayra,School 14,0,10,40
Mayra,School 14,0,11,46
Mayra,School 14,0,12,38
Fikriyya,School 14,0,8,27
Fikriyya,School 14,0,9,27
Fikriyya,School 14,0,10,30
Fikriyya,School 14,0,11,38
Fikriyya,School 14,0,12,28
Kanaan,School 14,0,8,28
Kanaan,School 14,0,9,21
Kanaan,School 14,0,10,46
Kanaan,School 14,0,11,43
Kanaan,School 14,0,12,35
Charles Cory,School 14,0,8,22
Charles Cory,School 14,0,9,15
Charles Cory,School 14,0,10,34
Charles Cory,School 14,0,11,31
Charles Cory,School 14,0,12,33
Shuaib,School 14,0,8,26
Shuaib,School 14,0,9,21
Shuaib,School 14,0,10,26
Shuaib,School 14,0,11,49
Shuaib,School 14,0,12,42
Gogi,School 14,0,8,32
Gogi,School 14,0,9,27
Gogi,School 14,0,10,24
Gogi,School 14,0,11,24
Gogi,School 14,0,12,41
NA,School 14,0,8,17
NA,School 14,0,9,25
NA,School 14,0,10,29
NA,School 14,0,11,22
NA,School 14,0,12,35
NA,School 14,0,8,24
NA,School 14,0,9,21
NA,School 14,0,10,21
NA,School 14,0,11,26
NA,School 14,0,12,30
NA,School 14,0,8,23
NA,School 14,0,9,25
NA,School 14,0,10,36
NA,School 14,0,11,26
NA,School 14,0,12,29
NA,School 14,0,8,31
NA,School 14,0,9,37
NA,School 14,0,10,42
NA,School 14,0,11,39
NA,School 14,0,12,25
NA,School 14,0,8,17
NA,School 14,0,9,28
NA,School 14,0,10,39
NA,School 14,0,11,33
NA,School 14,0,12,32
NA,School 14,0,8,37
NA,School 14,0,9,29
NA,School 14,0,10,37
NA,School 14,0,11,28
NA,School 14,0,12,34
NA,School 14,0,8,34
NA,School 14,0,9,14
NA,School 14,0,10,35
NA,School 14,0,11,34
NA,School 14,0,12,18
NA,School 14,0,8,32
NA,School 14,0,9,22
NA,School 14,0,10,34
NA,School 14,0,11,45
NA,School 14,0,12,25
NA,School 14,0,8,39
NA,School 14,0,9,17
NA,School 14,0,10,41
NA,School 14,0,11,22
NA,School 14,0,12,36
NA,School 14,0,8,30
NA,School 14,0,9,35
NA,School 14,0,10,30
NA,School 14,0,11,35
NA,School 14,0,12,42
NA,School 14,0,8,31
NA,School 14,0,9,37
NA,School 14,0,10,27
NA,School 14,0,11,37
NA,School 14,0,12,39
NA,School 14,0,8,23
NA,School 14,0,9,41
NA,School 14,0,10,33
NA,School 14,0,11,35
NA,School 14,0,12,50
NA,School 14,0,8,19
NA,School 14,0,9,17
NA,School 14,0,10,24
NA,School 14,0,11,35
NA,School 14,0,12,25
NA,School 14,0,8,27
NA,School 14,0,9,37
NA,School 14,0,10,30
NA,School 14,0,11,33
NA,School 14,0,12,29
Paul,School 15,0,8,15
Paul,School 15,0,9,7
Paul,School 15,0,10,13
Paul,School 15,0,11,24
Paul,School 15,0,12,7
Montana,School 15,0,8,13
Montana,School 15,0,9,5
Montana,School 15,0,10,25
Montana,School 15,0,11,31
Montana,School 15,0,12,17
Carissa,School 15,0,8,20
Carissa,School 15,0,9,28
Carissa,School 15,0,10,29
Carissa,School 15,0,11,10
Carissa,School 15,0,12,14
Shadhaa,School 15,0,8,11
Shadhaa,School 15,0,9,7
Shadhaa,School 15,0,10,3
Shadhaa,School 15,0,11,23
Shadhaa,School 15,0,12,7
Aphisitt,School 15,0,8,16
Aphisitt,School 15,0,9,27
Aphisitt,School 15,0,10,18
Aphisitt,School 15,0,11,36
Aphisitt,School 15,0,12,32
Emily,School 15,0,8,9
Emily,School 15,0,9,1
Emily,School 15,0,10,33
Emily,School 15,0,11,21
Emily,School 15,0,12,30
Kalole,School 15,0,8,6
Kalole,School 15,0,9,11
Kalole,School 15,0,10,17
Kalole,School 15,0,11,21
Kalole,School 15,0,12,12
Mariamawit,School 16,1,8,32
Mariamawit,School 16,1,9,17
Mariamawit,School 16,1,10,30
Mariamawit,School 16,1,11,26
Mariamawit,School 16,1,12,27
Wakiyan,School 16,1,8,25
Wakiyan,School 16,1,9,18
Wakiyan,School 16,1,10,17
Wakiyan,School 16,1,11,33
Wakiyan,School 16,1,12,42
Devin,School 16,1,8,25
Devin,School 16,1,9,31
Devin,School 16,1,10,29
Devin,School 16,1,11,30
Devin,School 16,1,12,46
Christina,School 16,1,8,30
Christina,School 16,1,9,23
Christina,School 16,1,10,31
Christina,School 16,1,11,33
Christina,School 16,1,12,42
Dominique,School 16,1,8,33
Dominique,School 16,1,9,43
Dominique,School 16,1,10,33
Dominique,School 16,1,11,37
Dominique,School 16,1,12,48
Chia-Lo,School 16,1,8,31
Chia-Lo,School 16,1,9,31
Chia-Lo,School 16,1,10,34
Chia-Lo,School 16,1,11,42
Chia-Lo,School 16,1,12,39
Andrew,School 16,1,8,37
Andrew,School 16,1,9,26
Andrew,School 16,1,10,32
Andrew,School 16,1,11,45
Andrew,School 16,1,12,57
Alexandra,School 16,1,8,23
Alexandra,School 16,1,9,34
Alexandra,School 16,1,10,29
Alexandra,School 16,1,11,38
Alexandra,School 16,1,12,46
Phyllis,School 16,1,8,22
Phyllis,School 16,1,9,20
Phyllis,School 16,1,10,22
Phyllis,School 16,1,11,35
Phyllis,School 16,1,12,40
Brianna,School 17,1,8,25
Brianna,School 17,1,9,22
Brianna,School 17,1,10,14
Brianna,School 17,1,11,33
Brianna,School 17,1,12,38
Nathan,School 17,1,8,25
Nathan,School 17,1,9,14
Nathan,School 17,1,10,20
Nathan,School 17,1,11,32
Nathan,School 17,1,12,38
Yavuz,School 17,1,8,31
Yavuz,School 17,1,9,25
Yavuz,School 17,1,10,17
Yavuz,School 17,1,11,37
Yavuz,School 17,1,12,31
Jeniffer,School 17,1,8,19
Jeniffer,School 17,1,9,27
Jeniffer,School 17,1,10,32
Jeniffer,School 17,1,11,37
Jeniffer,School 17,1,12,45
Osue,School 17,1,8,24
Osue,School 17,1,9,22
Osue,School 17,1,10,37
Osue,School 17,1,11,38
Osue,School 17,1,12,45
Daevion,School 17,1,8,17
Daevion,School 17,1,9,15
Daevion,School 17,1,10,29
Daevion,School 17,1,11,37
Daevion,School 17,1,12,24
Olivia,School 17,1,8,30
Olivia,School 17,1,9,20
Olivia,School 17,1,10,35
Olivia,School 17,1,11,40
Olivia,School 17,1,12,46
Andi,School 17,1,8,22
Andi,School 17,1,9,28
Andi,School 17,1,10,40
Andi,School 17,1,11,33
Andi,School 17,1,12,49
Ken,School 18,1,8,15
Ken,School 18,1,9,6
Ken,School 18,1,10,21
Ken,School 18,1,11,16
Ken,School 18,1,12,19
Brianna,School 18,1,8,21
Brianna,School 18,1,9,19
Brianna,School 18,1,10,21
Brianna,School 18,1,11,30
Brianna,School 18,1,12,21
Alizea,School 18,1,8,12
Alizea,School 18,1,9,8
Alizea,School 18,1,10,22
Alizea,School 18,1,11,17
Alizea,School 18,1,12,23
Umaima,School 18,1,8,12
Umaima,School 18,1,9,30
Umaima,School 18,1,10,24
Umaima,School 18,1,11,10
Umaima,School 18,1,12,29
Archibald,School 18,1,8,0
Archibald,School 18,1,9,26
Archibald,School 18,1,10,23
Archibald,School 18,1,11,23
Archibald,School 18,1,12,17
Shontelle,School 18,1,8,16
Shontelle,School 18,1,9,14
Shontelle,School 18,1,10,25
Shontelle,School 18,1,11,14
Shontelle,School 18,1,12,26
Mundhir,School 18,1,8,18
Mundhir,School 18,1,9,7
Mundhir,School 18,1,10,5
Mundhir,School 18,1,11,29
Mundhir,School 18,1,12,24
Razeena,School 18,1,8,24
Razeena,School 18,1,9,21
Razeena,School 18,1,10,19
Razeena,School 18,1,11,26
Razeena,School 18,1,12,33
Braydon,School 18,1,8,18
Braydon,School 18,1,9,19
Braydon,School 18,1,10,12
Braydon,School 18,1,11,15
Braydon,School 18,1,12,15
NA,School 18,1,8,11
NA,School 18,1,9,17
NA,School 18,1,10,12
NA,School 18,1,11,24
NA,School 18,1,12,22
NA,School 18,1,8,0
NA,School 18,1,9,9
NA,School 18,1,10,24
NA,School 18,1,11,21
NA,School 18,1,12,12
NA,School 18,1,8,16
NA,School 18,1,9,24
NA,School 18,1,10,19
NA,School 18,1,11,22
NA,School 18,1,12,33
NA,School 18,1,8,14
NA,School 18,1,9,11
NA,School 18,1,10,25
NA,School 18,1,11,23
NA,School 18,1,12,15
NA,School 18,1,8,2
NA,School 18,1,9,25
NA,School 18,1,10,8
NA,School 18,1,11,4
NA,School 18,1,12,16
NA,School 18,1,8,16
NA,School 18,1,9,26
NA,School 18,1,10,30
NA,School 18,1,11,26
NA,School 18,1,12,33
NA,School 18,1,8,17
NA,School 18,1,9,21
NA,School 18,1,10,14
NA,School 18,1,11,11
NA,School 18,1,12,18
NA,School 18,1,8,24
NA,School 18,1,9,3
NA,School 18,1,10,27
NA,School 18,1,11,8
NA,School 18,1,12,6
NA,School 18,1,8,19
NA,School 18,1,9,10
NA,School 18,1,10,28
NA,School 18,1,11,15
NA,School 18,1,12,28
NA,School 18,1,8,0
NA,School 18,1,9,16
NA,School 18,1,10,16
NA,School 18,1,11,14
NA,School 18,1,12,22
NA,School 18,1,8,9
NA,School 18,1,9,22
NA,School 18,1,10,20
NA,School 18,1,11,27
NA,School 18,1,12,35
NA,School 18,1,8,18
NA,School 18,1,9,16
NA,School 18,1,10,15
NA,School 18,1,11,25
NA,School 18,1,12,5
NA,School 18,1,8,18
NA,School 18,1,9,9
NA,School 18,1,10,21
NA,School 18,1,11,16
NA,School 18,1,12,28
NA,School 18,1,8,12
NA,School 18,1,9,20
NA,School 18,1,10,19
NA,School 18,1,11,24
NA,School 18,1,12,23
Mark,School 19,1,8,8
Mark,School 19,1,9,34
Mark,School 19,1,10,31
Mark,School 19,1,11,32
Mark,School 19,1,12,36
Cydney,School 19,1,8,41
Cydney,School 19,1,9,30
Cydney,School 19,1,10,32
Cydney,School 19,1,11,33
Cydney,School 19,1,12,49
James,School 19,1,8,24
James,School 19,1,9,21
James,School 19,1,10,20
James,School 19,1,11,32
James,School 19,1,12,31
Travis,School 19,1,8,34
Travis,School 19,1,9,21
Travis,School 19,1,10,26
Travis,School 19,1,11,22
Travis,School 19,1,12,32
Rawda,School 19,1,8,40
Rawda,School 19,1,9,20
Rawda,School 19,1,10,22
Rawda,School 19,1,11,22
Rawda,School 19,1,12,41
Naaji,School 19,1,8,15
Naaji,School 19,1,9,24
Naaji,School 19,1,10,19
Naaji,School 19,1,11,15
Naaji,School 19,1,12,22
Hamdi,School 19,1,8,21
Hamdi,School 19,1,9,24
Hamdi,School 19,1,10,21
Hamdi,School 19,1,11,24
Hamdi,School 19,1,12,20
Angelo,School 19,1,8,33
Angelo,School 19,1,9,35
Angelo,School 19,1,10,35
Angelo,School 19,1,11,43
Angelo,School 19,1,12,33
Saami,School 19,1,8,0
Saami,School 19,1,9,21
Saami,School 19,1,10,0
Saami,School 19,1,11,15
Saami,School 19,1,12,22
NA,School 19,1,8,22
NA,School 19,1,9,27
NA,School 19,1,10,17
NA,School 19,1,11,21
NA,School 19,1,12,28
Sara,School 20,1,8,19
Sara,School 20,1,9,23
Sara,School 20,1,10,21
Sara,School 20,1,11,24
Sara,School 20,1,12,35
Nazeeha,School 20,1,8,24
Nazeeha,School 20,1,9,18
Nazeeha,School 20,1,10,25
Nazeeha,School 20,1,11,29
Nazeeha,School 20,1,12,33
Ashley,School 20,1,8,27
Ashley,School 20,1,9,20
Ashley,School 20,1,10,26
Ashley,School 20,1,11,38
Ashley,School 20,1,12,36
Farajallah,School 20,1,8,23
Farajallah,School 20,1,9,25
Farajallah,School 20,1,10,15
Farajallah,School 20,1,11,24
Farajallah,School 20,1,12,30
Mason,School 20,1,8,15
Mason,School 20,1,9,25
Mason,School 20,1,10,20
Mason,School 20,1,11,34
Mason,School 20,1,12,38
Cody,School 21,1,8,13
Cody,School 21,1,9,16
Cody,School 21,1,10,15
Cody,School 21,1,11,15
Cody,School 21,1,12,27
Yoo,School 21,1,8,21
Yoo,School 21,1,9,18
Yoo,School 21,1,10,22
Yoo,School 21,1,11,29
Yoo,School 21,1,12,23
Tien,School 21,1,8,23
Tien,School 21,1,9,18
Tien,School 21,1,10,23
Tien,School 21,1,11,28
Tien,School 21,1,12,32
Brittany,School 21,1,8,22
Brittany,School 21,1,9,13
Brittany,School 21,1,10,15
Brittany,School 21,1,11,20
Brittany,School 21,1,12,20
Breanna,School 21,1,8,18
Breanna,School 21,1,9,16
Breanna,School 21,1,10,18
Breanna,School 21,1,11,13
Breanna,School 21,1,12,27
Taylor,School 21,1,8,17
Taylor,School 21,1,9,22
Taylor,School 21,1,10,21
Taylor,School 21,1,11,20
Taylor,School 21,1,12,27
Madison,School 21,1,8,19
Madison,School 21,1,9,16
Madison,School 21,1,10,19
Madison,School 21,1,11,26
Madison,School 21,1,12,22
Alexa,School 21,1,8,14
Alexa,School 21,1,9,18
Alexa,School 21,1,10,16
Alexa,School 21,1,11,11
Alexa,School 21,1,12,21
Najlaa,School 21,1,8,10
Najlaa,School 21,1,9,13
Najlaa,School 21,1,10,18
Najlaa,School 21,1,11,15
Najlaa,School 21,1,12,18
NA,School 21,1,8,17
NA,School 21,1,9,15
NA,School 21,1,10,21
NA,School 21,1,11,18
NA,School 21,1,12,26
NA,School 21,1,8,14
NA,School 21,1,9,14
NA,School 21,1,10,16
NA,School 21,1,11,23
NA,School 21,1,12,17
NA,School 21,1,8,17
NA,School 21,1,9,5
NA,School 21,1,10,12
NA,School 21,1,11,8
NA,School 21,1,12,11
NA,School 21,1,8,20
NA,School 21,1,9,16
NA,School 21,1,10,17
NA,School 21,1,11,25
NA,School 21,1,12,16
NA,School 21,1,8,11
NA,School 21,1,9,12
NA,School 21,1,10,16
NA,School 21,1,11,23
NA,School 21,1,12,26
NA,School 21,1,8,24
NA,School 21,1,9,14
NA,School 21,1,10,13
NA,School 21,1,11,16
NA,School 21,1,12,24
NA,School 21,1,8,14
NA,School 21,1,9,18
NA,School 21,1,10,22
NA,School 21,1,11,20
NA,School 21,1,12,15
Matthew,School 22,1,8,42
Matthew,School 22,1,9,37
Matthew,School 22,1,10,32
Matthew,School 22,1,11,31
Matthew,School 22,1,12,36
Patrick,School 22,1,8,19
Patrick,School 22,1,9,17
Patrick,School 22,1,10,21
Patrick,School 22,1,11,21
Patrick,School 22,1,12,23
Alexis,School 22,1,8,19
Alexis,School 22,1,9,24
Alexis,School 22,1,10,25
Alexis,School 22,1,11,26
Alexis,School 22,1,12,30
Jim,School 22,1,8,16
Jim,School 22,1,9,14
Jim,School 22,1,10,24
Jim,School 22,1,11,13
Jim,School 22,1,12,17
Joshua,School 22,1,8,26
Joshua,School 22,1,9,28
Joshua,School 22,1,10,17
Joshua,School 22,1,11,33
Joshua,School 22,1,12,36
Dakota,School 22,1,8,14
Dakota,School 22,1,9,16
Dakota,School 22,1,10,14
Dakota,School 22,1,11,19
Dakota,School 22,1,12,23
Erik,School 22,1,8,25
Erik,School 22,1,9,24
Erik,School 22,1,10,28
Erik,School 22,1,11,26
Erik,School 22,1,12,34
Nicholas,School 22,1,8,20
Nicholas,School 22,1,9,10
Nicholas,School 22,1,10,9
Nicholas,School 22,1,11,14
Nicholas,School 22,1,12,17
Chase,School 22,1,8,14
Chase,School 22,1,9,19
Chase,School 22,1,10,10
Chase,School 22,1,11,16
Chase,School 22,1,12,18
NA,School 22,1,8,25
NA,School 22,1,9,22
NA,School 22,1,10,33
NA,School 22,1,11,32
NA,School 22,1,12,41
NA,School 22,1,8,14
NA,School 22,1,9,16
NA,School 22,1,10,19
NA,School 22,1,11,18
NA,School 22,1,12,31
NA,School 22,1,8,16
NA,School 22,1,9,7
NA,School 22,1,10,12
NA,School 22,1,11,13
NA,School 22,1,12,21
NA,School 22,1,8,12
NA,School 22,1,9,23
NA,School 22,1,10,10
NA,School 22,1,11,15
NA,School 22,1,12,21
Tierria,School 23,1,8,10
Tierria,School 23,1,9,11
Tierria,School 23,1,10,9
Tierria,School 23,1,11,11
Tierria,School 23,1,12,17
Lang,School 23,1,8,30
Lang,School 23,1,9,25
Lang,School 23,1,10,33
Lang,School 23,1,11,32
Lang,School 23,1,12,32
Miguel,School 23,1,8,15
Miguel,School 23,1,9,22
Miguel,School 23,1,10,23
Miguel,School 23,1,11,23
Miguel,School 23,1,12,25
Aneesa,School 23,1,8,6
Aneesa,School 23,1,9,8
Aneesa,School 23,1,10,7
Aneesa,School 23,1,11,7
Aneesa,School 23,1,12,12
Marcel,School 23,1,8,19
Marcel,School 23,1,9,25
Marcel,School 23,1,10,23
Marcel,School 23,1,11,30
Marcel,School 23,1,12,25
Neari,School 23,1,8,26
Neari,School 23,1,9,23
Neari,School 23,1,10,21
Neari,School 23,1,11,23
Neari,School 23,1,12,30
Nicole,School 23,1,8,30
Nicole,School 23,1,9,29
Nicole,School 23,1,10,34
Nicole,School 23,1,11,33
Nicole,School 23,1,12,41
Dakota,School 23,1,8,16
Dakota,School 23,1,9,17
Dakota,School 23,1,10,16
Dakota,School 23,1,11,18
Dakota,School 23,1,12,18
Akankcha,School 23,1,8,10
Akankcha,School 23,1,9,17
Akankcha,School 23,1,10,16
Akankcha,School 23,1,11,19
Akankcha,School 23,1,12,28
NA,School 23,1,8,15
NA,School 23,1,9,23
NA,School 23,1,10,18
NA,School 23,1,11,18
NA,School 23,1,12,24
NA,School 23,1,8,19
NA,School 23,1,9,24
NA,School 23,1,10,19
NA,School 23,1,11,27
NA,School 23,1,12,27
NA,School 23,1,8,38
NA,School 23,1,9,36
NA,School 23,1,10,36
NA,School 23,1,11,44
NA,School 23,1,12,39
NA,School 23,1,8,28
NA,School 23,1,9,21
NA,School 23,1,10,25
NA,School 23,1,11,28
NA,School 23,1,12,25
NA,School 23,1,8,22
NA,School 23,1,9,24
NA,School 23,1,10,30
NA,School 23,1,11,32
NA,School 23,1,12,33
NA,School 23,1,8,29
NA,School 23,1,9,24
NA,School 23,1,10,35
NA,School 23,1,11,27
NA,School 23,1,12,33
NA,School 23,1,8,15
NA,School 23,1,9,17
NA,School 23,1,10,27
NA,School 23,1,11,28
NA,School 23,1,12,25
NA,School 23,1,8,0
NA,School 23,1,9,0
NA,School 23,1,10,0
NA,School 23,1,11,0
NA,School 23,1,12,0
NA,School 23,1,8,29
NA,School 23,1,9,25
NA,School 23,1,10,30
NA,School 23,1,11,19
NA,School 23,1,12,33
Abdul Haleem,School 24,1,8,31
Abdul Haleem,School 24,1,9,30
Abdul Haleem,School 24,1,10,33
Abdul Haleem,School 24,1,11,33
Abdul Haleem,School 24,1,12,37
Krista,School 24,1,8,26
Krista,School 24,1,9,19
Krista,School 24,1,10,25
Krista,School 24,1,11,29
Krista,School 24,1,12,31
Raihaana,School 24,1,8,29
Raihaana,School 24,1,9,32
Raihaana,School 24,1,10,32
Raihaana,School 24,1,11,37
Raihaana,School 24,1,12,37
Dennis,School 24,1,8,21
Dennis,School 24,1,9,23
Dennis,School 24,1,10,28
Dennis,School 24,1,11,28
Dennis,School 24,1,12,24
Elisa,School 24,1,8,33
Elisa,School 24,1,9,31
Elisa,School 24,1,10,32
Elisa,School 24,1,11,35
Elisa,School 24,1,12,38
Christina,School 24,1,8,23
Christina,School 24,1,9,20
Christina,School 24,1,10,27
Christina,School 24,1,11,26
Christina,School 24,1,12,29
Marzooqa,School 24,1,8,26
Marzooqa,School 24,1,9,25
Marzooqa,School 24,1,10,27
Marzooqa,School 24,1,11,31
Marzooqa,School 24,1,12,29
Carlton,School 24,1,8,36
Carlton,School 24,1,9,43
Carlton,School 24,1,10,41
Carlton,School 24,1,11,39
Carlton,School 24,1,12,41
Josue,School 24,1,8,28
Josue,School 24,1,9,35
Josue,School 24,1,10,36
Josue,School 24,1,11,33
Josue,School 24,1,12,37
NA,School 24,1,8,31
NA,School 24,1,9,33
NA,School 24,1,10,38
NA,School 24,1,11,37
NA,School 24,1,12,41
NA,School 24,1,8,29
NA,School 24,1,9,35
NA,School 24,1,10,33
NA,School 24,1,11,36
NA,School 24,1,12,37
NA,School 24,1,8,23
NA,School 24,1,9,26
NA,School 24,1,10,25
NA,School 24,1,11,27
NA,School 24,1,12,27
NA,School 24,1,8,29
NA,School 24,1,9,28
NA,School 24,1,10,36
NA,School 24,1,11,32
NA,School 24,1,12,36
NA,School 24,1,8,30
NA,School 24,1,9,33
NA,School 24,1,10,27
NA,School 24,1,11,36
NA,School 24,1,12,40
NA,School 24,1,8,31
NA,School 24,1,9,31
NA,School 24,1,10,28
NA,School 24,1,11,34
NA,School 24,1,12,32
NA,School 24,1,8,31
NA,School 24,1,9,37
NA,School 24,1,10,32
NA,School 24,1,11,44
NA,School 24,1,12,40
NA,School 24,1,8,26
NA,School 24,1,9,25
NA,School 24,1,10,27
NA,School 24,1,11,32
NA,School 24,1,12,34
NA,School 24,1,8,25
NA,School 24,1,9,24
NA,School 24,1,10,27
NA,School 24,1,11,34
NA,School 24,1,12,32
NA,School 24,1,8,24
NA,School 24,1,9,26
NA,School 24,1,10,22
NA,School 24,1,11,26
NA,School 24,1,12,29
NA,School 24,1,8,26
NA,School 24,1,9,28
NA,School 24,1,10,28
NA,School 24,1,11,27
NA,School 24,1,12,33
NA,School 24,1,8,28
NA,School 24,1,9,27
NA,School 24,1,10,32
NA,School 24,1,11,32
NA,School 24,1,12,37
NA,School 24,1,8,26
NA,School 24,1,9,26
NA,School 24,1,10,33
NA,School 24,1,11,31
NA,School 24,1,12,36
NA,School 24,1,8,30
NA,School 24,1,9,32
NA,School 24,1,10,36
NA,School 24,1,11,36
NA,School 24,1,12,26
NA,School 24,1,8,29
NA,School 24,1,9,34
NA,School 24,1,10,31
NA,School 24,1,11,44
NA,School 24,1,12,49
NA,School 24,1,8,34
NA,School 24,1,9,26
NA,School 24,1,10,29
NA,School 24,1,11,38
NA,School 24,1,12,33
NA,School 24,1,8,27
NA,School 24,1,9,27
NA,School 24,1,10,29
NA,School 24,1,11,32
NA,School 24,1,12,36
NA,School 24,1,8,42
NA,School 24,1,9,39
NA,School 24,1,10,39
NA,School 24,1,11,45
NA,School 24,1,12,45
Isaias,School 25,1,8,19
Isaias,School 25,1,9,29
Isaias,School 25,1,10,30
Isaias,School 25,1,11,21
Isaias,School 25,1,12,37
Cody,School 25,1,8,27
Cody,School 25,1,9,39
Cody,School 25,1,10,26
Cody,School 25,1,11,35
Cody,School 25,1,12,38
Jacob,School 25,1,8,34
Jacob,School 25,1,9,21
Jacob,School 25,1,10,28
Jacob,School 25,1,11,26
Jacob,School 25,1,12,26
Edward,School 25,1,8,0
Edward,School 25,1,9,16
Edward,School 25,1,10,4
Edward,School 25,1,11,12
Edward,School 25,1,12,15
Cynthia,School 25,1,8,38
Cynthia,School 25,1,9,32
Cynthia,School 25,1,10,28
Cynthia,School 25,1,11,33
Cynthia,School 25,1,12,51
Danyelle,School 25,1,8,15
Danyelle,School 25,1,9,22
Danyelle,School 25,1,10,18
Danyelle,School 25,1,11,23
Danyelle,School 25,1,12,28
Peter,School 25,1,8,30
Peter,School 25,1,9,36
Peter,School 25,1,10,39
Peter,School 25,1,11,25
Peter,School 25,1,12,20
Matthew,School 25,1,8,18
Matthew,School 25,1,9,20
Matthew,School 25,1,10,19
Matthew,School 25,1,11,30
Matthew,School 25,1,12,19
Whitnie,School 25,1,8,21
Whitnie,School 25,1,9,21
Whitnie,School 25,1,10,26
Whitnie,School 25,1,11,34
Whitnie,School 25,1,12,38
NA,School 25,1,8,22
NA,School 25,1,9,15
NA,School 25,1,10,23
NA,School 25,1,11,28
NA,School 25,1,12,30
NA,School 25,1,8,26
NA,School 25,1,9,24
NA,School 25,1,10,41
NA,School 25,1,11,45
NA,School 25,1,12,42
NA,School 25,1,8,19
NA,School 25,1,9,12
NA,School 25,1,10,14
NA,School 25,1,11,17
NA,School 25,1,12,15
NA,School 25,1,8,23
NA,School 25,1,9,23
NA,School 25,1,10,10
NA,School 25,1,11,37
NA,School 25,1,12,30
NA,School 25,1,8,22
NA,School 25,1,9,19
NA,School 25,1,10,20
NA,School 25,1,11,21
NA,School 25,1,12,16
NA,School 25,1,8,31
NA,School 25,1,9,39
NA,School 25,1,10,31
NA,School 25,1,11,38
NA,School 25,1,12,35
NA,School 25,1,8,35
NA,School 25,1,9,18
NA,School 25,1,10,36
NA,School 25,1,11,37
NA,School 25,1,12,34
NA,School 25,1,8,38
NA,School 25,1,9,29
NA,School 25,1,10,38
NA,School 25,1,11,24
NA,School 25,1,12,49
NA,School 25,1,8,30
NA,School 25,1,9,20
NA,School 25,1,10,35
NA,School 25,1,11,29
NA,School 25,1,12,25
NA,School 25,1,8,26
NA,School 25,1,9,18
NA,School 25,1,10,19
NA,School 25,1,11,33
NA,School 25,1,12,23
NA,School 25,1,8,18
NA,School 25,1,9,6
NA,School 25,1,10,12
NA,School 25,1,11,21
NA,School 25,1,12,27
NA,School 25,1,8,28
NA,School 25,1,9,33
NA,School 25,1,10,30
NA,School 25,1,11,38
NA,School 25,1,12,28
NA,School 25,1,8,39
NA,School 25,1,9,27
NA,School 25,1,10,13
NA,School 25,1,11,50
NA,School 25,1,12,46
NA,School 25,1,8,23
NA,School 25,1,9,20
NA,School 25,1,10,30
NA,School 25,1,11,17
NA,School 25,1,12,30
NA,School 25,1,8,17
NA,School 25,1,9,24
NA,School 25,1,10,0
NA,School 25,1,11,18
NA,School 25,1,12,28
NA,School 25,1,8,26
NA,School 25,1,9,29
NA,School 25,1,10,22
NA,School 25,1,11,20
NA,School 25,1,12,34
Michelle,School 26,1,8,12
Michelle,School 26,1,9,12
Michelle,School 26,1,10,6
Michelle,School 26,1,11,27
Michelle,School 26,1,12,28
Matthew,School 26,1,8,3
Matthew,School 26,1,9,15
Matthew,School 26,1,10,27
Matthew,School 26,1,11,26
Matthew,School 26,1,12,23
Manaahil,School 26,1,8,22
Manaahil,School 26,1,9,23
Manaahil,School 26,1,10,23
Manaahil,School 26,1,11,26
Manaahil,School 26,1,12,23
Siera,School 26,1,8,12
Siera,School 26,1,9,18
Siera,School 26,1,10,5
Siera,School 26,1,11,25
Siera,School 26,1,12,41
Michael,School 26,1,8,7
Michael,School 26,1,9,23
Michael,School 26,1,10,21
Michael,School 26,1,11,23
Michael,School 26,1,12,31
Shalom,School 26,1,8,6
Shalom,School 26,1,9,4
Shalom,School 26,1,10,13
Shalom,School 26,1,11,29
Shalom,School 26,1,12,37
Sergio,School 27,1,8,18
Sergio,School 27,1,9,21
Sergio,School 27,1,10,17
Sergio,School 27,1,11,20
Sergio,School 27,1,12,26
Estrella,School 27,1,8,24
Estrella,School 27,1,9,27
Estrella,School 27,1,10,31
Estrella,School 27,1,11,28
Estrella,School 27,1,12,35
Lanetra,School 27,1,8,32
Lanetra,School 27,1,9,29
Lanetra,School 27,1,10,32
Lanetra,School 27,1,11,36
Lanetra,School 27,1,12,38
Kimberly,School 27,1,8,33
Kimberly,School 27,1,9,33
Kimberly,School 27,1,10,37
Kimberly,School 27,1,11,40
Kimberly,School 27,1,12,42
Ayanna,School 27,1,8,35
Ayanna,School 27,1,9,42
Ayanna,School 27,1,10,39
Ayanna,School 27,1,11,48
Ayanna,School 27,1,12,45
Scheridan,School 27,1,8,23
Scheridan,School 27,1,9,22
Scheridan,School 27,1,10,29
Scheridan,School 27,1,11,28
Scheridan,School 27,1,12,34
Olivya,School 27,1,8,26
Olivya,School 27,1,9,24
Olivya,School 27,1,10,35
Olivya,School 27,1,11,34
Olivya,School 27,1,12,37
Gustavo,School 27,1,8,25
Gustavo,School 27,1,9,28
Gustavo,School 27,1,10,24
Gustavo,School 27,1,11,30
Gustavo,School 27,1,12,27
Sean,School 27,1,8,37
Sean,School 27,1,9,42
Sean,School 27,1,10,44
Sean,School 27,1,11,45
Sean,School 27,1,12,47
NA,School 27,1,8,21
NA,School 27,1,9,19
NA,School 27,1,10,24
NA,School 27,1,11,20
NA,School 27,1,12,26
NA,School 27,1,8,26
NA,School 27,1,9,29
NA,School 27,1,10,22
NA,School 27,1,11,30
NA,School 27,1,12,36
NA,School 27,1,8,25
NA,School 27,1,9,31
NA,School 27,1,10,30
NA,School 27,1,11,34
NA,School 27,1,12,36
NA,School 27,1,8,38
NA,School 27,1,9,43
NA,School 27,1,10,40
NA,School 27,1,11,47
NA,School 27,1,12,51
NA,School 27,1,8,26
NA,School 27,1,9,30
NA,School 27,1,10,27
NA,School 27,1,11,35
NA,School 27,1,12,38
NA,School 27,1,8,16
NA,School 27,1,9,18
NA,School 27,1,10,22
NA,School 27,1,11,26
NA,School 27,1,12,30
NA,School 27,1,8,28
NA,School 27,1,9,24
NA,School 27,1,10,30
NA,School 27,1,11,33
NA,School 27,1,12,34
NA,School 27,1,8,21
NA,School 27,1,9,18
NA,School 27,1,10,17
NA,School 27,1,11,25
NA,School 27,1,12,27
NA,School 27,1,8,24
NA,School 27,1,9,27
NA,School 27,1,10,28
NA,School 27,1,11,30
NA,School 27,1,12,35
NA,School 27,1,8,23
NA,School 27,1,9,23
NA,School 27,1,10,19
NA,School 27,1,11,20
NA,School 27,1,12,31
NA,School 27,1,8,29
NA,School 27,1,9,31
NA,School 27,1,10,38
NA,School 27,1,11,40
NA,School 27,1,12,42
Daifallah,School 28,1,8,25
Daifallah,School 28,1,9,27
Daifallah,School 28,1,10,24
Daifallah,School 28,1,11,31
Daifallah,School 28,1,12,34
Robert,School 28,1,8,26
Robert,School 28,1,9,27
Robert,School 28,1,10,30
Robert,School 28,1,11,32
Robert,School 28,1,12,43
Zachary,School 28,1,8,22
Zachary,School 28,1,9,26
Zachary,School 28,1,10,23
Zachary,School 28,1,11,29
Zachary,School 28,1,12,34
Muneer,School 28,1,8,27
Muneer,School 28,1,9,22
Muneer,School 28,1,10,26
Muneer,School 28,1,11,29
Muneer,School 28,1,12,28
Isaac,School 28,1,8,36
Isaac,School 28,1,9,32
Isaac,School 28,1,10,33
Isaac,School 28,1,11,34
Isaac,School 28,1,12,39
Maighdeline,School 28,1,8,24
Maighdeline,School 28,1,9,26
Maighdeline,School 28,1,10,29
Maighdeline,School 28,1,11,27
Maighdeline,School 28,1,12,40
Marc,School 28,1,8,32
Marc,School 28,1,9,25
Marc,School 28,1,10,24
Marc,School 28,1,11,29
Marc,School 28,1,12,32
Alison,School 28,1,8,22
Alison,School 28,1,9,24
Alison,School 28,1,10,25
Alison,School 28,1,11,24
Alison,School 28,1,12,30
Kasandra,School 28,1,8,29
Kasandra,School 28,1,9,25
Kasandra,School 28,1,10,30
Kasandra,School 28,1,11,31
Kasandra,School 28,1,12,38
NA,School 28,1,8,28
NA,School 28,1,9,29
NA,School 28,1,10,24
NA,School 28,1,11,30
NA,School 28,1,12,35
Marrissa,School 29,1,8,16
Marrissa,School 29,1,9,15
Marrissa,School 29,1,10,40
Marrissa,School 29,1,11,17
Marrissa,School 29,1,12,18
Samantha,School 29,1,8,37
Samantha,School 29,1,9,27
Samantha,School 29,1,10,26
Samantha,School 29,1,11,39
Samantha,School 29,1,12,26
Richard,School 29,1,8,38
Richard,School 29,1,9,23
Richard,School 29,1,10,33
Richard,School 29,1,11,34
Richard,School 29,1,12,51
Gabrielle,School 29,1,8,38
Gabrielle,School 29,1,9,48
Gabrielle,School 29,1,10,45
Gabrielle,School 29,1,11,53
Gabrielle,School 29,1,12,48
Damon,School 29,1,8,38
Damon,School 29,1,9,23
Damon,School 29,1,10,27
Damon,School 29,1,11,26
Damon,School 29,1,12,38
Jazmine,School 29,1,8,14
Jazmine,School 29,1,9,13
Jazmine,School 29,1,10,15
Jazmine,School 29,1,11,5
Jazmine,School 29,1,12,22
Bailey,School 29,1,8,41
Bailey,School 29,1,9,38
Bailey,School 29,1,10,39
Bailey,School 29,1,11,50
Bailey,School 29,1,12,45
Laura,School 29,1,8,38
Laura,School 29,1,9,30
Laura,School 29,1,10,34
Laura,School 29,1,11,36
Laura,School 29,1,12,39
Yeng,School 29,1,8,20
Yeng,School 29,1,9,33
Yeng,School 29,1,10,20
Yeng,School 29,1,11,22
Yeng,School 29,1,12,12
NA,School 29,1,8,35
NA,School 29,1,9,24
NA,School 29,1,10,27
NA,School 29,1,11,34
NA,School 29,1,12,44
NA,School 29,1,8,7
NA,School 29,1,9,22
NA,School 29,1,10,19
NA,School 29,1,11,24
NA,School 29,1,12,25
NA,School 29,1,8,22
NA,School 29,1,9,21
NA,School 29,1,10,26
NA,School 29,1,11,23
NA,School 29,1,12,29
NA,School 29,1,8,37
NA,School 29,1,9,28
NA,School 29,1,10,26
NA,School 29,1,11,24
NA,School 29,1,12,44
NA,School 29,1,8,14
NA,School 29,1,9,11
NA,School 29,1,10,12
NA,School 29,1,11,9
NA,School 29,1,12,4
NA,School 29,1,8,8
NA,School 29,1,9,6
NA,School 29,1,10,19
NA,School 29,1,11,27
NA,School 29,1,12,32
NA,School 29,1,8,23
NA,School 29,1,9,24
NA,School 29,1,10,26
NA,School 29,1,11,31
NA,School 29,1,12,42
NA,School 29,1,8,19
NA,School 29,1,9,23
NA,School 29,1,10,19
NA,School 29,1,11,24
NA,School 29,1,12,32
NA,School 29,1,8,11
NA,School 29,1,9,16
NA,School 29,1,10,15
NA,School 29,1,11,26
NA,School 29,1,12,14
NA,School 29,1,8,26
NA,School 29,1,9,41
NA,School 29,1,10,37
NA,School 29,1,11,45
NA,School 29,1,12,36
NA,School 29,1,8,48
NA,School 29,1,9,46
NA,School 29,1,10,36
NA,School 29,1,11,53
NA,School 29,1,12,56
NA,School 29,1,8,12
NA,School 29,1,9,20
NA,School 29,1,10,23
NA,School 29,1,11,25
NA,School 29,1,12,32
Austin,School 30,1,8,20
Austin,School 30,1,9,18
Austin,School 30,1,10,9
Austin,School 30,1,11,28
Austin,School 30,1,12,28
Haajid,School 30,1,8,24
Haajid,School 30,1,9,20
Haajid,School 30,1,10,23
Haajid,School 30,1,11,37
Haajid,School 30,1,12,30
Zsanae,School 30,1,8,27
Zsanae,School 30,1,9,22
Zsanae,School 30,1,10,18
Zsanae,School 30,1,11,29
Zsanae,School 30,1,12,33
Joshua,School 30,1,8,24
Joshua,School 30,1,9,21
Joshua,School 30,1,10,18
Joshua,School 30,1,11,22
Joshua,School 30,1,12,31
Marissa,School 30,1,8,27
Marissa,School 30,1,9,25
Marissa,School 30,1,10,30
Marissa,School 30,1,11,28
Marissa,School 30,1,12,42
Magali,School 30,1,8,26
Magali,School 30,1,9,20
Magali,School 30,1,10,30
Magali,School 30,1,11,28
Magali,School 30,1,12,40
